{
    "Sun": {
        "x": 0.0,
        "y": 0.0,
        "z": 0.0
    },
    "Mercury": {
        "x": 0.3874744668667192,
        "y": 0.15655798486490885,
        "z": 0.04347405506903571
    },
    "Venus": {
        "x": -0.016756819496354255,
        "y": 0.6624209612286751,
        "z": 0.29912708866008864
    },
    "Earth": {
        "x": -0.978584232267951,
        "y": -0.18922652859726358,
        "z": -0.08202267231268195
    },
    "Moon": {
        "x": -0.976392931207074,
        "y": -0.187823965903614,
        "z": -0.08128017956866604
    },
    "Mars": {
        "x": -0.6326593101093031,
        "y": -1.2506490622115003,
        "z": -0.5565745532867069
    },
    "Jupiter": {
        "x": 301.91997086222614,
        "y": -101.48587973639955,
        "z": -51.227530849339345
    },
    "Saturn": {
        "x": -74.7991242172497,
        "y": -252.77594602722561,
        "z": -101.67619443791249
    },
    "Uranus": {
        "x": -11.390328243572437,
        "y": -14.633317703026368,
        "z": -6.247752636474286
    },
    "Neptune": {
        "x": -29.87516204416212,
        "y": 0.5711904587718202,
        "z": 0.9775199882761612
    },
    "Pluto": {
        "x": -17.984932595593726,
        "y": 26.819513831494486,
        "z": 13.78615142987731
    }
}